code_element,page_type,page_name,rev_1,rev_2,rev_3,rev_4,rev_5,rev_6,rev_7,rev_8,rev_9,rev_10,rev_11,doc_link,source_link
AND,repo,README.md,3,3,3,3,3,3,3,3,3,3,3,https://github.com/google/iap-compute-engine-demo/blob/dd3ab5f51f8f0f9d054bb575092fe6c8a4dc7b28/README.md,https://github.com/google/iap-compute-engine-demo/blob/138ea5fbefd22c476c14c25e6f0338e7ada5879b/LICENSE#L6
HERE,repo,README.md,1,1,1,1,1,1,1,1,1,1,1,https://github.com/google/iap-compute-engine-demo/blob/dd3ab5f51f8f0f9d054bb575092fe6c8a4dc7b28/README.md,https://github.com/google/iap-compute-engine-demo/blob/138ea5fbefd22c476c14c25e6f0338e7ada5879b/modules/00-global-variables/outputs.tf.example#L18
HTTPS,repo,README.md,3,3,3,3,3,3,3,3,3,3,3,https://github.com/google/iap-compute-engine-demo/blob/dd3ab5f51f8f0f9d054bb575092fe6c8a4dc7b28/README.md,https://github.com/google/iap-compute-engine-demo/blob/138ea5fbefd22c476c14c25e6f0338e7ada5879b/modules/90-build-demo/main.tf#L206
IAP,repo,README.md,6,6,6,6,6,6,6,6,6,6,6,https://github.com/google/iap-compute-engine-demo/blob/dd3ab5f51f8f0f9d054bb575092fe6c8a4dc7b28/README.md,https://github.com/google/iap-compute-engine-demo/blob/138ea5fbefd22c476c14c25e6f0338e7ada5879b/modules/90-build-demo/main.tf#L42
ID,repo,README.md,2,2,2,2,2,2,2,2,2,2,2,https://github.com/google/iap-compute-engine-demo/blob/dd3ab5f51f8f0f9d054bb575092fe6c8a4dc7b28/README.md,https://github.com/google/iap-compute-engine-demo/blob/138ea5fbefd22c476c14c25e6f0338e7ada5879b/modules/90-build-demo/main.tf#L168
INSERT,repo,README.md,1,1,1,1,1,1,1,1,1,1,1,https://github.com/google/iap-compute-engine-demo/blob/dd3ab5f51f8f0f9d054bb575092fe6c8a4dc7b28/README.md,https://github.com/google/iap-compute-engine-demo/blob/138ea5fbefd22c476c14c25e6f0338e7ada5879b/modules/00-global-variables/outputs.tf.example#L18
IP,repo,README.md,3,3,3,3,3,3,3,3,3,3,3,https://github.com/google/iap-compute-engine-demo/blob/dd3ab5f51f8f0f9d054bb575092fe6c8a4dc7b28/README.md,https://github.com/google/iap-compute-engine-demo/blob/138ea5fbefd22c476c14c25e6f0338e7ada5879b/modules/90-build-demo/main.tf#L118
LICENSE,repo,README.md,12,12,12,12,12,12,12,12,12,12,12,https://github.com/google/iap-compute-engine-demo/blob/dd3ab5f51f8f0f9d054bb575092fe6c8a4dc7b28/README.md,https://github.com/google/iap-compute-engine-demo/blob/138ea5fbefd22c476c14c25e6f0338e7ada5879b/modules/90-build-demo/providers.tf#L7
MODERN,repo,README.md,2,2,2,2,2,2,2,2,2,2,2,https://github.com/google/iap-compute-engine-demo/blob/dd3ab5f51f8f0f9d054bb575092fe6c8a4dc7b28/README.md,https://github.com/google/iap-compute-engine-demo/blob/138ea5fbefd22c476c14c25e6f0338e7ada5879b/modules/90-build-demo/main.tf#L300
PROJECT,repo,README.md,1,1,1,1,1,1,1,1,1,1,1,https://github.com/google/iap-compute-engine-demo/blob/dd3ab5f51f8f0f9d054bb575092fe6c8a4dc7b28/README.md,https://github.com/google/iap-compute-engine-demo/blob/138ea5fbefd22c476c14c25e6f0338e7ada5879b/modules/00-global-variables/outputs.tf.example#L18
SSH,repo,README.md,1,1,1,1,1,1,1,1,1,1,1,https://github.com/google/iap-compute-engine-demo/blob/dd3ab5f51f8f0f9d054bb575092fe6c8a4dc7b28/README.md,https://github.com/google/iap-compute-engine-demo/blob/138ea5fbefd22c476c14c25e6f0338e7ada5879b/modules/90-build-demo/main.tf#L59
SSL,repo,README.md,3,3,3,3,3,3,3,3,3,3,3,https://github.com/google/iap-compute-engine-demo/blob/dd3ab5f51f8f0f9d054bb575092fe6c8a4dc7b28/README.md,https://github.com/google/iap-compute-engine-demo/blob/138ea5fbefd22c476c14c25e6f0338e7ada5879b/modules/90-build-demo/main.tf#L287
TCP,repo,README.md,1,1,1,1,1,1,1,1,1,1,1,https://github.com/google/iap-compute-engine-demo/blob/dd3ab5f51f8f0f9d054bb575092fe6c8a4dc7b28/README.md,https://github.com/google/iap-compute-engine-demo/blob/138ea5fbefd22c476c14c25e6f0338e7ada5879b/modules/90-build-demo/main.tf#L328
TLS,repo,README.md,1,1,1,1,1,1,1,1,1,1,1,https://github.com/google/iap-compute-engine-demo/blob/dd3ab5f51f8f0f9d054bb575092fe6c8a4dc7b28/README.md,https://github.com/google/iap-compute-engine-demo/blob/138ea5fbefd22c476c14c25e6f0338e7ada5879b/modules/90-build-demo/main.tf#L299
URL,repo,README.md,3,3,3,3,3,3,3,3,3,3,3,https://github.com/google/iap-compute-engine-demo/blob/dd3ab5f51f8f0f9d054bb575092fe6c8a4dc7b28/README.md,https://github.com/google/iap-compute-engine-demo/blob/138ea5fbefd22c476c14c25e6f0338e7ada5879b/modules/90-build-demo/main.tf#L256
VPC,repo,README.md,2,2,2,2,2,2,2,2,2,2,2,https://github.com/google/iap-compute-engine-demo/blob/dd3ab5f51f8f0f9d054bb575092fe6c8a4dc7b28/README.md,https://github.com/google/iap-compute-engine-demo/blob/138ea5fbefd22c476c14c25e6f0338e7ada5879b/modules/90-build-demo/main.tf#L42
iap_test_user,repo,README.md,5,5,5,5,5,5,5,5,5,5,5,https://github.com/google/iap-compute-engine-demo/blob/dd3ab5f51f8f0f9d054bb575092fe6c8a4dc7b28/README.md,https://github.com/google/iap-compute-engine-demo/blob/138ea5fbefd22c476c14c25e6f0338e7ada5879b/modules/90-build-demo/main.tf#L359
project_id,repo,README.md,7,7,7,7,7,7,7,7,7,7,7,https://github.com/google/iap-compute-engine-demo/blob/dd3ab5f51f8f0f9d054bb575092fe6c8a4dc7b28/README.md,https://github.com/google/iap-compute-engine-demo/blob/138ea5fbefd22c476c14c25e6f0338e7ada5879b/modules/90-build-demo/providers.tf#L30
ssl_certificate_file,repo,README.md,2,2,2,2,2,2,2,2,2,2,2,https://github.com/google/iap-compute-engine-demo/blob/dd3ab5f51f8f0f9d054bb575092fe6c8a4dc7b28/README.md,https://github.com/google/iap-compute-engine-demo/blob/138ea5fbefd22c476c14c25e6f0338e7ada5879b/modules/90-build-demo/main.tf#L290
ssl_private_key_file,repo,README.md,2,2,2,2,2,2,2,2,2,2,2,https://github.com/google/iap-compute-engine-demo/blob/dd3ab5f51f8f0f9d054bb575092fe6c8a4dc7b28/README.md,https://github.com/google/iap-compute-engine-demo/blob/138ea5fbefd22c476c14c25e6f0338e7ada5879b/modules/90-build-demo/main.tf#L289
