code_element,page_type,page_name,rev_1,rev_2,rev_3,rev_4,rev_5,rev_6,rev_7,rev_8,rev_9,rev_10,rev_11,rev_12,rev_13,rev_14,rev_15,rev_16,rev_17,rev_18,rev_19,rev_20,rev_21,rev_22,rev_23,rev_24,rev_25,rev_26,rev_27,rev_28,rev_29,rev_30,rev_31,rev_32,rev_33,rev_34,rev_35,rev_36,rev_37,rev_38,rev_39,rev_40,rev_41,rev_42,rev_43,rev_44,rev_45,rev_46,rev_47,rev_48,rev_49,doc_link,source_link
GPU,repo,README.md,.,-,-,-,-,-,-,-,-,-,-,-,-,-,-,4,4,4,4,4,4,4,4,4,4,4,4,4,4,4,4,4,4,4,4,4,4,4,4,4,4,4,4,4,4,4,4,4,4,https://github.com/google/quic-trace/blob/0146ddf01a02c32761e64c2e0ef35f3e56c64d9a/README.md,https://github.com/google/quic-trace/blob/c7b993eb750e60c307e82f75763600d9c06a6de1/tools/render/trace_renderer.h#L42
OpenGL,repo,README.md,.,-,-,-,-,-,-,-,-,-,-,-,-,-,-,21,21,21,21,21,21,21,21,21,21,21,21,21,21,21,21,21,21,21,21,21,21,21,21,21,21,21,21,21,21,21,21,21,21,https://github.com/google/quic-trace/blob/0146ddf01a02c32761e64c2e0ef35f3e56c64d9a/README.md,https://github.com/google/quic-trace/blob/c7b993eb750e60c307e82f75763600d9c06a6de1/tools/render/trace_renderer.h#L30
QUIC,repo,README.md,.,1,1,1,5,5,5,5,5,5,5,5,5,5,5,6,6,6,6,6,6,6,6,6,6,6,6,6,6,6,9,9,9,9,9,9,9,9,9,9,9,9,9,9,9,9,9,9,9,https://github.com/google/quic-trace/blob/0146ddf01a02c32761e64c2e0ef35f3e56c64d9a/README.md,https://github.com/google/quic-trace/blob/c7b993eb750e60c307e82f75763600d9c06a6de1/tools/render/trace_program.cc#L35
darwin_x86_64,repo,README.md,.,-,-,-,-,-,-,-,-,-,-,-,-,-,-,1,1,1,1,1,1,1,1,1,1,1,1,1,1,1,1,1,1,1,1,1,1,1,1,1,1,1,1,1,1,1,1,1,1,https://github.com/google/quic-trace/blob/0146ddf01a02c32761e64c2e0ef35f3e56c64d9a/README.md,https://github.com/google/quic-trace/blob/c7b993eb750e60c307e82f75763600d9c06a6de1/buildenv/BUILD#L17
lib/quic_trace.proto,repo,README.md,.,1,1,1,1,1,1,1,1,1,1,1,1,1,1,1,1,1,1,1,1,1,1,1,1,1,1,1,1,1,1,1,1,1,1,1,1,1,1,1,1,1,1,1,1,1,-,-,-,https://github.com/google/quic-trace/blob/0146ddf01a02c32761e64c2e0ef35f3e56c64d9a/README.md,code_element is a file name
quic_trace/quic_trace.proto,repo,README.md,.,-,-,-,-,-,-,-,-,-,-,-,-,-,-,-,-,-,-,-,-,-,-,-,-,-,-,-,-,-,-,-,-,-,-,-,-,-,-,-,-,-,-,-,-,-,1,1,1,https://github.com/google/quic-trace/blob/0146ddf01a02c32761e64c2e0ef35f3e56c64d9a/README.md,code_element is a file name
quic_trace_to_time_sequence_gnuplot,repo,README.md,.,3,4,4,4,4,4,4,4,4,4,4,4,4,4,4,4,4,4,4,4,4,4,4,4,4,4,4,4,4,4,4,4,4,4,4,4,4,4,4,4,4,4,4,4,4,4,4,4,https://github.com/google/quic-trace/blob/0146ddf01a02c32761e64c2e0ef35f3e56c64d9a/README.md,https://github.com/google/quic-trace/blob/c7b993eb750e60c307e82f75763600d9c06a6de1/tools/time_sequence_gnuplot.sh#L37
render_trace,repo,README.md,.,-,-,-,-,-,-,-,-,-,-,-,-,-,-,3,3,3,3,3,3,3,3,3,3,3,3,3,3,3,3,3,3,3,3,3,3,3,3,3,3,3,3,3,3,3,3,3,3,https://github.com/google/quic-trace/blob/0146ddf01a02c32761e64c2e0ef35f3e56c64d9a/README.md,https://github.com/google/quic-trace/blob/c7b993eb750e60c307e82f75763600d9c06a6de1/tools/render/render_trace.cc#L38
time_sequence_gnuplot,repo,README.md,.,1,3,3,3,3,3,3,3,3,3,3,3,3,3,3,3,3,3,3,3,3,3,3,3,3,3,3,3,3,3,3,3,3,3,3,3,3,3,3,3,3,3,3,3,3,3,3,3,https://github.com/google/quic-trace/blob/0146ddf01a02c32761e64c2e0ef35f3e56c64d9a/README.md,https://github.com/google/quic-trace/blob/c7b993eb750e60c307e82f75763600d9c06a6de1/tools/time_sequence_gnuplot.sh#L22
